company_name,company_number,incorporation_date,directors,has_online_presence,website_url,linkedin_url
JAY KHODIYAR LTD,17024245,2026-02-10,"KA PATEL, Dhavalkumar Vasudevbhai",false,,
A TO Z GARAGE ALLOA LTD,SC878544,2026-02-10,"KUCINSKAS, Andrius, URBONAS, Zilvinas",false,,
VELLURE COUTURE LTD,17024243,2026-02-10,"PETCU, Luciana",false,,
VERICORE CONSULTING LIMITED,17024217,2026-02-10,"JIMOH, Nureni Wole, OGUNLEYE, John Oridupa",false,,
BETTER LUCK LIMITED,17024223,2026-02-10,"CAMILLERI, Renald",false,,
BALLANWOOD LAW LIMITED,17024221,2026-02-10,"HALL, Charlotte Ann",false,,
SHM GROUP LTD,17024233,2026-02-10,"KHELOUF, Samira",false,,
ZU SERVICES LTD,17024231,2026-02-10,"MALIK, Umer Sohail",false,,
TASKSNEST LIMITED,17023429,2026-02-10,"ROMANIAK, Pawel",false,,
VANTALINK LTD,17024248,2026-02-10,"LI, Shan, Madam",false,,